'1AVStreamer '		'80, 8070 '	'80, 8070 '
'1st SMTP Server '		25	' '
'3-In-A-Bed '		4871	4871
'3CX '		'5060, 5090 '	'5060, 9000-9015 '
'Access Remote PC '		34012	34012
'Act of War - Direct Action '		' '	12222
'Action PC Football 2006 '		'1451-1454, 32019 '	' '
'Action PC Football 2010 '		32019	' '
'Active Worlds '		'3000, 5670, 7777, 7000-7100 '	' '
'Active Worlds File Transfer '		3000	' '
'Age of Conan '		'6881-6889 '	'6881-6889 '
'Age of Empires '		'2300-2400, 47624 '	'6073, 2300-2400 '
'Age of Empires II '		'2300-2400, 47624 '	'2300-2400 '
'Age of Empires III '		'80, 2300 '	'2300-2310 '
'Age of Mythology '		'28800-28805 '	'2300-2400, 6073 '
'AIM Talk '		5190	' '
'AIM Video IM '		'443, 1024-5000, 5190 '	'443, 1024-5000, 5190 '
'Aion '		'80, 2106, 7777, 10241 '	' '
'Air Cam Live '		1726	' '
'Air TV '		1728	' '
'Air Video '		45631	' '
'Airlink101 SkyIPCam777W '		'80, 554 '	' '
'Aleph One '		4226	'4226, 15367 '
'Alien Vs Predator 2 '		'2300-2400, 7000-10000 '	'27888-27900 '
'Alien Vs Predator 2 Primal Hunt '		'2300-2400, 7000-10000 '	'27888-27900 '
'Aliens vs Predator '		'80, 2300-2400, 8000-8999 '	'80, 2300-2400, 8000-8999 '
'All.com '		'10000-10015 '	'10000-10015 '
'Alpha Centauri '		'2300-2400, 47624 '	'2300-2400 '
'Americas Army '		'14200, 20025-20048 '	'1716-1718, 8777, 27900 '
'Amplitude '		'10070-10080 '	10070
'Anarchy Online BETA '		'7013, 7500-7501 '	'7013, 7500-7501 '
'Apache '		'80, 443 '	' '
'APB '		'80, 443, 2106, 3720 '	'3478, 3479, 3722-3730, 5060, 5062, 12000-17000 '
'Apple Remote Desktop '		'3283, 5900, 5988 '	3283
'Apprentice '		4747	' '
'Arcanum '		'15101, 15204, 15300, 15800, 20851, 31435 '	31435
'Arcanum Won.net '		'15101, 15200, 15204, 15300, 15500, 15800, 20851, 26901-26999, 28901-28999, 31435 '	31435
'Army of Two 360 '		'53, 80, 3074 '	'53, 88, 3074 '
'Army of Two PS3 '		6000	3658
'Asherons Call '		' '	'9000-9013 '
'ATC Battlefield 1942 '		30	30
'ATC Battlefield 2 '		3333	3333
'ATC Ghost Recon 2 '		30	30
'ATC Rainbow Six Lockdown '		3333	3333
'ATC Splinter Cell Chaos Theory '		30	30
'ATC Splinter Cell Pandora Tomorrow '		30	30
'ATT Remote Monitor '		80	80
'Audiogalaxy Satellite '		'1117-5190, 41000-50000 '	' '
'AudioReQuest '		'22, 57, 80, 3660, 3663, 4665 '	'22, 57, 80, 3660, 3663, 4665 '
'Auto Assault '		2106	'26880, 27001-27009, 27010 '
'AVer '		'53, 80, 1053, 5550, 5555, 9999 '	' '
'Axis 207MW '		80	' '
'Axis M1031-W '		80	' '
'BAckNBiz '		44490	44490
'BackupStream '		44488	44488
'Baldurs Gate I and II '		'2300-2400, 6073 '	'2300-2400, 6073 '
'BarracudaDrive '		'80, 443 '	' '
'Battle Realms-Ubisoft '		' '	'7174, 7175, 7177 '
'Battlecom '		'2300-2400, 47624 '	'6073, 2300-2400, 47624 '
'Battlefield 1942 '		' '	'14567, 14690, 23000-23009 '
'Battlefield 2 '		'80, 4711, 18060, 28910, 29900-29901, 29920 '	'1500-4999, 16567, 18060, 27900-27901, 29900, 29910, 55123-55124, 55215 '
'Battlefield 2142 '		'80, 443, 1024-1124, 4711, 9960-9969, 17475, 18060, 18120, 18300, 18510, 27900, 28910, 29900 '	'1024-1124, 1500-4999, 9964, 16567, 18300, 18510, 27900-27901, 28910, 29900, 55123 '
'Battlefield Bad Company 2 '		'80, 13505, 18121, 18126, 18390, 18395 '	'10000, 18126, 18395 '
'Battlefield Heroes '		'80, 443, 18051, 18055, 18061, 18065, 18270, 18275 '	' '
'Battlefield Vietnam '		'4711, 14667, 28900 '	'15567, 15690, 4555-4557, 23000-23009, 27900 '
'Battlestations - Midway '		' '	'1042, 2302, 6500 '
'Bay VPN '		500	500
'Bell South Home Monitoring System '		2047	' '
'Beyond Remote '		'5424, 5425 '	'5424, 5425 '
'BitTornado '		'10000-10010 '	' '
'Black and White '		'2611-2612, 6500, 6667, 27900 '	'2611-2612, 6500, 6667, 27900 '
'BlackSite - Area 51 '		'6777, 7777-7797, 30660 '	'6777, 7777-7797, 30660 '
'Blazing Angels Online '		'3074-3075, 20100 '	'20001-20004, 20050, 20080 '
'Blizzard Battlenet '		'4000, 6112-6119 '	'4000, 6112-6119 '
'Blizzard Downloader '		'1119-1120, 3724, 4000, 6112-6114, 6881-6999 '	' '
'Blockland '		'28000-28030 '	'28000-28030 '
'Blue Iris '		'80-81 '	' '
'Blueserver '		'6112-6119 '	'6112-6119 '
'Bomberman Online '		' '	'8864-8870 '
'Borderlands '		'7777, 28900, 28902, 28910 '	'7777, 27900, 28902 '
'Bridge Commander '		'22101, 28900 '	'22101, 28900 '
'BroadCam Video Streaming Server '		86	' '
'BroadWave Streaming Audio Server '		88	' '
'Brothers in Arms - Road to Hill 30 '		'40000-43000 '	'44000, 45000, 45001 '
'Brothers in Arms Online '		'40000-43000 '	'44000, 45000-45001 '
'Brothers in Arms-Earned in Blood '		'40000-43000 '	'44000, 45000-45001 '
'BT Communicator '		' '	'2000-2021, 5050-5070 '
'BT Homesafe '		80	80
'Bubba Server '		'20-22, 25, 80, 143, 443, 993 '	'22, 25, 143 '
'Buddy Phone '		' '	'700-701 '
'Buffalo TeraStation TS-XE4.0TL-R5 '		9000	9000
'Burnout Revenge '		'3658, 3659, 31800-31899 '	'3658, 3659, 10070, 10080 '
'Buzz 3D VideoChat '		10529	' '
'Caesar IV '		3306	' '
'Cal Ripkens Real Baseball '		' '	'20000-20010 '
'Calista IP Phone '		' '	3000
'Call of Duty '		28960	'20500, 20510, 28960 '
'Call of Duty - Black Ops '		'3074, 27014-27050 '	'3074, 3478-4380, 27000-27030 '
'Call of Duty - Modern Warfare 2 '		'27014-27050 '	'1500, 3005, 3101, 3478-4380, 27000-27030, 28960 '
'Call of Duty - World at War '		28960	'3074, 28960 '
'Call of Duty 2 '		28960	'20500, 20510, 28960 '
'Call of Duty 4 '		28960	28960
'Call of Duty-United Offensive '		28960	'20500, 20510, 20600, 20610, 28960 '
'Camerades '		'2047, 2048 '	'1971, 2047, 2048 '
'Camfrog '		6005	'5000-15000 '
'Campground Master '		6010	' '
'Camstreams '		5700	' '
'Canasis Canasta '		'23732-23733 '	' '
'CarbonCopy32 '		1680	'1023-1680 '
'Championship Manager 03-04 '		9094	9093
'Championship Manager 03-04 '		'9093-9094 '	'9093-9094 '
'Championship Manager 3 '		6667	6667
'Championship Manager 4 '		'9091-9092 '	'9091-9092 '
'Chessmaster 8000 '		'2300-2400, 47624 '	'2300-2400 '
'Chinavasion CVLM-i33 '		80	' '
'CITRIX '		'1023-5000 '	1604
'City of Heroes '		'2104, 2106, 6994 '	'7000-7100 '
'City of Villains '		'2104, 2106, 6994 '	'7000-7100 '
'Civilization 2 Multiplayer Gold Edition '		4993	4993
'Civilization III '		'3783, 6500, 6667, 28900, 29900, 29901 '	'2302-2400, 6500, 6515, 13139, 27900 '
'Civilization IV '		'2033, 2056, 3783, 6500, 6667, 28900, 29900, 29001 '	'2302-2400, 6500, 6515, 13139, 27900 '
'Clover CDR0850 '		5800	' '
'Colin McRae - DiRT '		' '	30002
'Command and Conquer 3 Kanes Wrath '		' '	'8088-65535 '
'Command and Conquer 3 Tiberian Wars '		'28910, 29900-29901 '	'13139, 27900, 65000 '
'Command and Conquer 4 - Tiberian Twilight '		'3840, 4005, 4808, 4810, 4995, 7000-7002 '	'1234-1237, 3478, 5009, 5060, 5062 '
'Command and Conquer Generals '		'80, 6667, 28910, 29900, 29920 '	'4321, 27900 '
'Command and Conquer Generals GameSpy '		'80, 3783, 6500, 6515, 6667, 13139, 27900, 28900, 28910, 29900, 29901, 29920 '	'4321, 27900 '
'Command and Conquer Red Alert '		'3840, 4005, 4808, 4810, 4995, 7000-7002 '	'1234-1237, 4000, 5400, 5009 '
'Command and Conquer Red Alert 2 '		'3840, 4005, 4808, 4810, 4995, 7000-7002 '	'1234-1237 '
'Command and Conquer Red Alert 2 Yuris Revenge '		'3840, 4005, 4808, 4810, 4995, 7000-7002 '	'1234-1237 '
'Command and Conquer Red Alert 3 '		'80, 3783, 4321, 6660-6669, 28900, 29900, 2901 '	'6515, 6500, 13139, 27900 '
'Command and Conquer Red Alert Aftermath '		'3840, 4005, 4808, 4810, 4995, 7000-7002 '	'1234-1237, 5009 '
'Command and Conquer Red Alert Counterstrike '		'3840, 4005, 4808, 4810, 4995, 7000-7002 '	'1234-1237, 5009 '
'Command and Conquer Renegade '		'3840, 4005, 4808, 4810, 4995, 7000-7002 '	'1234-1237 '
'Command and Conquer The Covert Operations '		'3840, 4005, 4808, 4810, 4995, 7000-7002 '	'1234-1237 '
'Command and Conquer Tiberian Dawn '		'3840, 4005, 4808, 4810, 4995, 7000-7002 '	'1234-1237, 5009 '
'Command and Conquer Tiberian Sun '		'3840, 4005, 4808, 4810, 4995, 7000-7002 '	'1234-1237, 4000, 5400 '
'Command and Conquer Tiberian Sun Firestorm '		'3840, 4005, 4808, 4810, 4995, 7000-7002 '	'1234-1237, 4000, 5400 '
'Command and Conquer Zero Hour '		'80, 6667, 28910, 29900, 29920 '	'4321, 27900 '
'Command and Conquer Zero Hour GameSpy '		'80, 3783, 6500, 6515, 6667, 13139, 27900, 28900, 28910, 29900, 29901, 29920 '	'4321, 27900 '
'Company of Heroes '		' '	'6112, 30260, 9100 '
'Conquest Frontier Wars '		'2300-2400, 47624 '	'2300-2400, 47624 '
'Cossacks '		'2300-2400, 47624 '	'2300-2400 '
'Cossacks II '		'2300-2400, 6667, 47624 '	'80, 2300-2400, 3783, 13139, 27900, 28900, 29900-29901, 34000-34005 '
'Counter Strike '		'27020-27039 '	'1200, 27000-27015 '
'CQPhone '		'24960-24962 '	'24960-24962 '
'Crackle '		8038	8038
'Crysis '		'80, 443, 6667, 28910, 29900-29901 '	'27900-27901, 29910, 64087 '
'Crysis Wars '		'80, 443, 6667, 28910, 29900-29901 '	'27900-27901, 29910, 64087 '
'Cu-SeeMe Cornell '		' '	7648
'Cu-SeeMe White Pine '		' '	'7648, 24032 '
'CUseeMe-CUworld '		'1503, 1720, 5222, 5223, 7640, 7642, 7648, 7649 '	'1414, 1424, 1812, 1813, 7648, 24032, 56800 '
'D-Link DCS-3420 '		80	'5002, 5003 '
'D-Link DCS-5300G '		'80, 5001-5003 '	'80, 5001-5003 '
'D-Link DCS-920 '		80	' '
'Dark Ages of Camelot '		'1280, 10500, 10622 '	'1024-65535 '
'Dark and Light '		'6666, 20013 '	'6666, 20013 '
'Dark Messiah of Might and Magic Steam Client '		'27014-27050 '	'4380, 27000-27030 '
'Dark Reign 2 '		'3100, 3568, 3999, 26214 '	'3100, 3568, 3999, 26214 '
'Dartpro '		47141	47141
'Dawn of War Host '		' '	6112
'Day of Defeat Source '		'27020-27039 '	'1200, 27000-27015 '
'DCS Black Shark '		10308	10308
'DD Tournament Poker '		'11885-11889 '	'11885-11889 '
'Dead Rising 2 '		'53, 80, 443, 3074 '	'53, 88, 3074 '
'Dedicated Micros DS2 '		80	'21, 80, 8234, 8235 '
'Deer Hunter 2005 '		23458	' '
'Defcon '		' '	'5008-5011 '
'Defender SENTINEL11 '		'67, 68, 80 '	' '
'Defender SN300-4CH-001 '		80	' '
'Defender SN500-4CH '		80	' '
'Defender SN500-4CH-002 '		80	' '
'Defender SN502-4CH-002 '		'80, 9000 '	'80, 9000 '
'Delta Force '		'3100, 3999 '	'3100, 3999 '
'Delta Force 2 '		' '	'3568, 3569 '
'Delta Force Black Hawk Down '		' '	17479
'Delta Three PC to Phone '		'12053, 12083 '	'12080, 12120, 12122, 24150-24179 '
'Destroyer Command '		3000	3000
'Diablo '		'6112-6119 '	'6112-6119 '
'DiabloII '		'4000, 6112 '	'6112-6119 '
'Dialpad '		'1584, 1585, 51210 '	'51200, 51201 '
'Diamond Mind Baseball '		32158	' '
'Digi-Watcher '		5003	5003
'DINA DVR Server '		5000	' '
'DINA RMC '		'1099, 5000-5001, 8080 '	' '
'DirectX 7 '		'2300-2400, 47624 '	'2300-2400 '
'DirectX 8 '		' '	'2302-2400, 6073 '
'DirectX 8.1 '		' '	'2302-2400, 6073 '
'DMW Scanner '		'25120, 25123 '	'25120, 25123 '
'DNS2Go '		1227	1227
'Doom 3 '		'27650, 27666 '	'27650, 27666 '
'DOT.TUNES '		'9990-9999 '	' '
'Dream Match Tennis '		2319	2319
'Dues Ex '		'7790-7792, 8777 '	'7790-7792, 8777, 27900 '
'Dune 2000 '		'1140-1234, 4000 '	'1140-1234, 4000 '
'Dune2000 '		'3840, 4005, 4808, 4810, 4995, 7000-7002 '	'1234-1237 '
'Dungeon Siege '		' '	'2300-2400, 6073 '
'Dungeon Siege II '		' '	'2300-2400, 6073 '
'Dungeons + Dragons Online '		80	'2900-2910, 9000-9010 '
'Dwyco Video Conferencing '		'1024-5000, 6700-6702, 6880 '	'12000-16090 '
'DynGate '		'80, 5938 '	' '
'EA Download Manager '		'80, 443, 1024-1124, 9960-9969, 18000, 18120, 18060, 27900, 28910, 29900 '	'1024-1124, 18000, 29900 '
'Earth 2160 '		' '	'17771, 17172 '
'Echolink '		5200	'5198, 5199 '
'echoServer '		1328	' '
'Eclipse '		4000	4000
'Edimax IC1510Wg '		'80, 4321 '	' '
'eJAMMING AUDiiO '		' '	26900
'eJamming Station '		26900	26900
'Ekiga '		' '	'3478, 5000-5100 '
'Elite Force '		'26000, 27500, 27910, 27960 '	'26000, 27500, 27910, 27960 '
'Emperor Battle for Dune '		'3840, 4005, 4808, 4810, 4995, 7000-7002 '	'1234-1237 '
'Emperor Rise of the Middle Kingdom '		'15101, 15200, 15300, 15800, 20941, 25332-25333 '	25332
'Empire - Total War '		'27015, 49181 '	' '
'Empire Earth '		'33335-33336 '	33334
'Empire Earth 2 '		26000	26000
'Empire Earth The Art of Conquest Expansion '		'33335-33336 '	33334
'Empires Dawn of the Modern World '		'6500, 28900, 29900-29901, 33335 '	'13139, 27900, 33321 '
'Enemy Engaged 2 '		'2300-2400, 47624 '	'2300-2400 '
'Enemy Engaged Comanche vs. Hokum '		'2300-2400, 47624 '	'2300-2400, 47624 '
'Enemy Engaged Comanche vs. Hokum 2 '		'2300-2400, 47624 '	'2300-2400, 47624 '
'Enemy Territory - Quake Wars '		' '	'3074, 27733, 33060-33070 '
'EQOA '		' '	'10070-10080 '
'Europa Universalis III '		' '	'1630-1636 '
'Everquest '		'1024, 7000 '	'1024, 6000 '
'Everquest 2 '		'7000, 7010 '	'3016-3021, 9700-9703, 9100, 32800-33000 '
'Everquest Online Adventures '		'5190, 10000, 11000 '	'10000, 11000 '
'Evertech '		5001	5001
'Evil Islands '		8888	8888
'EvoCam '		8080	8080
'Express Invoice '		96	96
'Exteel '		'15152, 21964 '	' '
'Eyeon '		80	9001
'F-16 Mig 29 '		' '	'3862, 3863 '
'F-22 Lightning 3 '		' '	'3875, 4533, 4534, 4660-4670 '
'F-22 Raptor '		' '	'3874, 3875 '
'F.E.A.R. '		27888	27888
'F.E.A.R. Gamespy '		'3783, 6500, 6667, 28900, 29900-29901 '	'6515, 13139, 27900 '
'F1 Challenge 99-02 '		34447	'17677, 34297, 34397 '
'Faces of War '		'6667, 28910 '	'3210, 27900 '
'Falco LX-4PRO '		'67, 68, 80 '	' '
'Falcon 4 '		'2934, 2935 '	'2934, 2935 '
'Far Cry '		'49001-49002 '	'49001-49002, 49124 '
'Farming-Simulator '		10823	10823
'FastTrack '		1214	1214
'FIFA 09 PS3 '		'80, 9980-9989, 12400-12499, 30400-30499 '	'3659, 9570, 9808-9811, 9858-9861 '
'FIFA 2004 '		' '	3658
'FIFA 2005 '		' '	3658
'FIFA 2006 '		' '	3658
'FIFA 2007 '		'10400-10499 '	3658
'Fighter Ace II '		'2300-2400, 47624, 50000-50100 '	'2300-2400, 50000-50100 '
'Fighter Ace II DX '		'2300-2400, 47624, 50000-50100 '	'2300-2400, 47624, 50000-50100 '
'FileMaker Pro '		5003	5003
'FileMaker Pro 3 '		5003	5003
'FileMaker Pro 4 '		5003	5003
'FileMaker Pro 5 '		5003	5003
'FileMaker Server 3 '		5003	5003
'FileMaker Server 5 '		5003	5003
'FileMaker Server 7 '		'5003, 50003, 50006 '	5003
'FileMaker Server 8 '		'5003, 50003, 50006 '	5003
'FileTopia '		443	443
'Final Fantasy XI - PC '		'25, 80, 110, 443, 50000-65535 '	'50000-65535 '
'Final Fantasy XI - PS2 '		'1024-65535 '	'50000-65535 '
'Flatcast '		' '	40123
'Flatout 2 '		' '	23756
'Flight Simulator 2000 '		' '	'2300-2400, 6073, 23456 '
'Flight Simulator 2002 '		' '	'2300-2400, 6073, 23456 '
'Flight Simulator 2004 '		' '	'2300-2400, 6073, 23456 '
'Flight Simulator X '		' '	'2300-2400, 6073, 23456 '
'Football Manager 2005 '		'10093-10094 '	'10093-10094 '
'Football Manager 2006 '		'10093-10094 '	'10093-10094 '
'Football Manager Live '		'9920, 9995-9999 '	'9920, 9995-9999 '
'Foscam FI8908W '		80	' '
'Freelancer Server '		' '	'2300-2400 '
'Frequency '		'10070, 10080 '	10070
'Freshtel Internet Phone '		' '	'4569, 5070 '
'FSHost '		'80, 47624 '	'6073, 23456, 2300-2400 '
'FSHostClient '		'80, 47624 '	'6073, 23456, 2300-2400 '
'FTP '		21	' '
'Gadspot IP Camera '		80	' '
'Gameday Payoff '		23210	23210
'Games for Windows - LIVE '		'53, 80, 443, 3074 '	'53, 88, 3074 '
'Gamespy '		' '	8871
'GameSpy Arcade '		'6667, 3783, 27900, 28900, 29900, 29901, 13139, 6515, 6500 '	' '
'Gamespy Tunnel '		' '	'6500, 6700 '
'GeoVision CenterV2 '		'5546-5549 '	' '
'GeoVision DispatchServer '		21112	' '
'GeoVision DMIP '		21	' '
'GeoVision RemotePlayBack '		5066	' '
'GeoVision RemoteView '		3550	' '
'GeoVision SMS '		6886	' '
'GeoVision TwinDVR with Webcam '		'21, 80, 3389, 4550, 5550, 6550, 9650 '	' '
'GeoVision TwinServer '		9650	' '
'GeoVision Vital Sign Monitor '		5610	' '
'GeoVision Webcam '		'21, 80, 3389, 4550, 5550, 6550 '	' '
'Ghost Recon '		'2346-2348 '	'2346-2348 '
'Giants Citizen Kabuto '		19712	19712
'GigaTribe '		3728	' '
'Gizmo Project '		' '	'5004-5005, 64064 '
'GNUnet '		'1080, 2086 '	'1080, 2086 '
'GNUtella '		6346	6346
'Go2Call '		2090	'2090, 2091 '
'Goldeneye Rogue Agent '		'13505, 21600-21699 '	'3658, 3659, 6000 '
'Graboid Video '		'119, 11234 '	' '
'Grand Theft Auto 2 Multiplayer '		'2300-2400, 47624 '	'2300-2400, 47624 '
'Ground Control '		'15001, 15101, 15200, 20000-21000, 25451 '	'20000-21000 '
'Ground Control with Chat Rooms '		'15001, 15101, 15200, 20000-21000, 25000-25499 '	'20000-21000 '
'GTA Rumble '		' '	2020
'GTR FIA GT Racing Game '		'34347, 34349 '	'34297-34300 '
'Guild Wars '		'80, 6112 '	' '
'GunZ '		'7700-7800 '	'7700-7800 '
'H.323 Call Setup '		1720	' '
'H.323 GateKeeper '		'1718-1720 '	' '
'H323 '		'1023, 1502, 1503, 1504, 1730, 1731, 1732, 65534 '	'1024, 65534 '
'HAI Home Automation '		4369	4369
'Half Life '		' '	'6003, 7002, 27010, 27015, 27025 '
'Half Life 2 Steam '		'27014-27050 '	'4380, 27000-27030 '
'Half Life 2 Steam Server '		'27014-27050 '	'4380, 27000-27030 '
'Half Life Steam '		'27014-27050 '	'4380, 27000-27030 '
'Half Life Steam Server '		'27014-27050 '	'4380, 27000-27030 '
'Halo '		80	'2302, 2303 '
'Heretic II '		28910	28910
'Hero Online '		'6667, 18067 '	'6667, 18067 '
'Heroes of Might and Magic 5 '		'6668, 40000-42999 '	'8888, 42500, 44000, 45000 '
'Hexen II '		26900	26900
'Homeworld '		'15000-15300, 21000-21999, 30000-30999 '	'15400-15401 '
'Homeworld Cataclysm '		'23335-23336 '	' '
'Hotline Server '		'5500-5503 '	5499
'HoverRace '		'9530, 9531 '	'9530, 9531 '
'Hoyle Online Games '		'15101, 15200, 15500, 26901-26999, 28901-28999 '	' '
'HP MediaSmart Server EX495 '		'80, 139, 443, 445, 1138, 2869, 3389, 4125, 8912, 55000, 56000 '	'137, 138, 1900, 8912, 10243, 10280, 10281, 10282, 10283, 10284 '
'HTTP '	'Server'	80	' '
'HTTPS '	'Server'	443	' '
'I2Eye DVC-1000-DVC-1100 '		'1720, 15328-15333 '	'15328-15333 '
'I2P '		8887	' '
'Icecast '		'8000-8001 '	' '
'iChat '		'5190, 5220, 5222, 5298 '	'5060, 5190, 5297, 5298, 5353, 5678, 16384-16403 '
'IConnectHere '		'5060-5065, 5723, 16384-16400 '	'5060-5065, 5723, 16384-16400 '
'ICQ '		'20000-20019 '	' '
'ICUII '		'2000-2001, 2038, 2050, 2051, 2069, 2085, 3010, 3030 '	' '
'ICUII Client Version 4 '		'1024-5000, 6700-6702, 6880 '	'12000-16090 '
'iGet '		22	22
'IL-2 '		' '	21000
'IL-2 Sturmovik - Forgotten Battles '		21000	21000
'IL2-Sturmovik '		21000	' '
'IL2-Sturmovik Ubi.com '		'80, 6667, 21000, 40000-42000 '	' '
'Imap '		143	143
'inSpeak Communicator '		'5858, 8085, 8585, 7979 '	'8085, 8585 '
'Internet Phone '		' '	22555
'Inventoria Stock Manager '		97	97
'IPContact '		'1720, 2500, 5901, 1766-1767 '	'1734-1765 '
'IPlay '		'4990-4999 '	'4990-4999 '
'IRLP - Internet Radio Linking Project '		15425	'2074-2093 '
'iSpQ VideoChat '		'2000-2002 '	' '
'IStreamVideo2HP '		'8076-8077 '	'8076-8077 '
'iTalkBB '		' '	'5060, 6802, 16384-16482 '
'iTunes '		3689	' '
'ivisit '		' '	9940
'Janes F-18 '		'2234, 2300-2400, 47624 '	'2300-2400 '
'JetCast '		'9000-9001, 9010 '	' '
'Joint Operations Typhoon Rising '		' '	32768
'Joint Task Force '		7901	' '
'Jumi Controller '		5720	5720
'KALI '		'2213, 6666 '	'2213, 6666 '
'Kane and Lynch - Dead Men '		' '	'6073, 6500, 6515 '
'KaZaA '		1214	' '
'KDX Server '		10700	' '
'KGuard KG-CMS3000 '		80	' '
'KGuard KG-NVR300 '		'1111, 2222, 8080 '	' '
'KGuard KG-SH DVRs '		'67, 68, 80 '	' '
'KGuard KG-SH122E '		'67, 68, 80 '	' '
'KGuard KG-SH322 '		'67, 68, 80 '	' '
'KGuard KG-SH522 '		'67, 68, 80 '	' '
'KGuard KG-SHA DVRs '		'80, 9000 '	' '
'KGuard KG-SHA104 '		'80, 9000 '	' '
'KGuard KG-SHA104.V2 '		'80, 9000 '	' '
'KGuard KG-SHA108 '		'80, 9000 '	' '
'KGuard KG-SHA108.V2 '		'80, 9000 '	' '
'KGuard KG-SHA116 '		'80, 9000 '	' '
'KGuard KG-SHA116.V2 '		'80, 9000 '	' '
'Killing Floor '		'8075, 28852 '	'7707, 7708, 7717, 20560 '
'Kohan Immortal Sovereigns '		'3855, 17437 '	'3855, 17437 '
'L2J '		'80, 2106, 7777 '	'2106, 7777 '
'LaCiE HipServ '		'21, 22, 80, 443 '	' '
'Laplink '		1547	1547
'LapLink Sharedirect '		2705	2705
'League of Legends '		'80, 443, 2099, 5222, 5223, 8393 '	'5000-5200 '
'Left 4 Dead '		'27014-27050 '	'4380, 27000-27030 '
'Left 4 Dead 2 '		'27014-27050 '	'4380, 27000-27030 '
'LEGO Universe '		'80, 443 '	'1001, 2001-2200 '
'LieroXtreme '		23400	23400
'Lineage '		'2000, 2003 '	' '
'Lineage II '		'80, 2106, 2009, 7777 '	53
'Lingo VoIP '		' '	'1024-1030, 5060-5065, 10000-20000 '
'Links '		'2300-2400, 47624 '	'2300-2400, 6073 '
'Linksys WVC80N '		'80, 1024 '	'80, 1024 '
'Live For Speed Server '		'29339, 63392 '	'29339, 63392 '
'LIVvE '		' '	8999
'LocationFree '		5021	' '
'Lock On '		10308	10308
'Lock On Modern Air Combat '		10308	' '
'Lock On Modern Air Combat Ubi.com '		'80, 6667, 10308, 40000-42000 '	' '
'LogMeIn Hamachi2 '		'12975, 32976 '	17771
'Lord of the Rings Battle for Middle Earth '		' '	'8088-28088 '
'Lord of the Rings Battle Of Middle Earth II '		' '	'8088-65535 '
'Lord of the Rings Online '		80	'2900-2910, 9000-9010 '
'Lorex IP Surveillance '		80	' '
'Lost Planet - Extreme Condition '		' '	'3075, 27215 '
'Lotus Notes '		1352	1352
'Madden NFL 07 '		' '	'1795, 1797 '
'Madden NFL 2005 '		13505	'1795, 1797, 3658, 6000 '
'Madden NFL 2006 '		' '	'1795, 1797 '
'Mage Knight Apocalypse '		28900	6500
'Magicjack '		' '	'5060, 5070 '
'Market Analyst Software '		14010	' '
'Marvel Ultimate Alliance '		'1116-1130, 28910 '	'1116-1130, 5165, 27900-27901 '
'MechCommander 2 '		'2300-2400, 47624 '	'2300-2400 '
'Mechwarrior 4 - Black Night '		'2300-2400, 47624, 27999, 28800-28809 '	'2300-2400, 27999, 28800-28809 '
'Mechwarrior 4 - Mercenaries '		'2300-2400, 47624, 27999, 28800-28809 '	'2300-2400, 27999, 28800-28809 '
'Mechwarrior 4 - Vengeance '		'2300-2400, 47624, 27999, 28800-28809 '	'2300-2400, 27999, 28800-28809 '
'Medal of Honor '		' '	'12203-12218, 12300, 23000-23009 '
'Medal of honor Pacific Assault '		' '	13203
'Medal of Honor Rising Sun '		'3658, 3659, 6000, 6001 '	'443, 13505 '
'Medieval - Total War '		18321	18321
'Medieval II - Total War '		27750	27750
'Metal Gear Solid 3 Subsistence '		' '	5730
'Microsofts Flight Simulator X '		' '	'2300-2400, 6073, 23456 '
'Minecraft Server '		25565	25565
'mIRC Auth-IdentD '		113	113
'mIRC Chat '		'6660-6669 '	' '
'mIRC DCC - IRC DCC '		'1024-5000 '	' '
'MIX Game Server '		24000	' '
'MOHAA Counter Intelligence '		' '	'670, 672 '
'MOHAA MatchWatch '		'950, 5500-5699, 13000-14000 '	640
'MOHAA Missionary '		' '	12203
'MOHAA Reverend '		'5500-5699 '	' '
'Monsoon Vulkano '		'49177, 56123 '	56123
'Moove '		'9793, 9795 '	' '
'Motorhead Server '		'16000, 16010-16030 '	'16000, 16010-16030 '
'MSN Game Zone '		'6667, 28800-29000 '	'6667, 28800-29000 '
'MSN Game Zone DX '		'2300-2400, 47624 '	'2300-2400 '
'MSN Messenger '		'1863, 6891-6900, 6901 '	'1863, 5190, 6901 '
'MTA SA R1.0 '		' '	'22003, 44003, 22126 '
'Mu Online '		'44405, 55901 '	55901
'Multi Theft Auto '		20031	20031
'MultiTheftAuto '		2003	2003
'MVP Baseball 2005 '		'80, 13505, 30900-30999 '	10001
'MY-IPCAM Anywhere '		9010	' '
'MY-IPTV Anywhere '		'9401-9402 '	' '
'MyDiskServer '		'8088-8089 '	' '
'MySQL Server '		3306	3306
'Mystic Island '		'2170, 2181, 2191 '	'2170, 2181, 2191 '
'Myth '		3453	3453
'Myth Myth II '		3453	3453
'MythTV '		80	' '
'MyXerver MX3600 '		80	' '
'Napoleon - Total War '		'4380, 49181, 27000-27050 '	'4380, 49181, 27000-27050 '
'Napster '		6699	' '
'NASCAR Racing 2003 Season '		' '	'32766-32809 '
'NASCAR SimRacing '		' '	'22444-22643 '
'NBA Live 2004 '		' '	3658
'NBA Live 2005 '		' '	3658
'NBA Live 2006 '		' '	'3658, 18699-28600 '
'NBA Live 2007 '		' '	'3658, 9570 '
'NCAA 07 Football '		3074	'88, 3074 '
'Need for Speed '		9442	9442
'Need for Speed - Porsche '		' '	9442
'Need for Speed 3 '		1030	1030
'Need for Speed Carbon '		'80, 18210, 18215, 13505, 30900-30999 '	3658
'Need for Speed Hot Pursuit 2 '		'80, 8511, 28900 '	'1230, 8512, 27900, 61220-61230 '
'Need for Speed Most Wanted '		'80, 13505, 30900-30999 '	3658
'Need for Speed Underground '		' '	'3658, 3659 '
'Need for Speed Underground 2 '		' '	'3658, 3659 '
'Nesticle '		6996	' '
'Net2Phone '		' '	6801
'Netflix '		'80, 443 '	' '
'NetFone '		10200	' '
'NetMeeting 2.0 through 3.01 '		'522, 389, 1503, 1720, 1731 '	'1024-65535 '
'NetMeeting with H323 '		'1023, 1502, 1503, 1504, 1730, 1731, 1732, 65534 '	'1024, 65534 '
'Networdz '		22	22
'NetX Command Center '		10001	' '
'Neverwinter Nights '		' '	'5120-5300, 6500, 6667, 27900, 28900 '
'Neverwinter Nights 2 '		' '	'5120-5300 '
'NHL 2004 '		'10300, 13505 '	3658
'NHL 2006 '		' '	3658
'Night Owl FS-8500 '		'80, 9000 '	' '
'Nintendo Wi-Fi '		'443, 3074 '	3074
'No One Lives Forever '		'2300-2400, 7000-10000 '	27888
'Nomado '		'5060-5065 '	'10000-20000 '
'Nox '		'3840, 4005, 4808, 4810, 4995, 7000-7002 '	'1234-1237 '
'NTP '		123	123
'OfficePax '		'6999-7001 '	' '
'Ojo '		' '	'5010-5017, 5060 '
'OKWin '		'1729-1735 '	' '
'OpenFrame 7 '		'5060-5080 '	'16300-16700 '
'OpenFT '		'1215, 1216 '	'1215, 1216 '
'OpenWengo '		'5060, 10600, 10602 '	'5060, 10600, 10602 '
'Operation Flashpoint '		'2234, 2235 '	'2234, 2235, 2300-2400 '
'Operation Flashpoint 2 - Dragon Rising '		'8080, 9103-9105 '	'8080, 9103-9105 '
'Orb '		'80, 554 '	'13398-13401 '
'OSXvnc '		5900	5900
'Otserv '		'7171, 8000 '	'7171, 8000 '
'Outlaws '		5310	5310
'Outpost 2 Divided Destiny '		' '	47800
'Outpost 2 Divided Destiny Server '		' '	'47776-47807 '
'Overlord '		3074	' '
'PalTalk '		'2090, 2091, 2095 '	'2090, 2091 '
'Panasonic BL-C230A '		80	' '
'pcAnywhere '		5631	5632
'Peer Impact '		2222	2222
'Phantasy Star Universe '		'11000-11001, 11100-11101, 12000-12010 '	' '
'Phoenix RC '		' '	'26500-26505 '
'PhoneFree '		'1034-1035, 2644, 8000 '	'1034-1035, 9900-9901 '
'Piolet '		' '	41170
'Pirate Radio '		8080	' '
'Player Worlds '		7234	7234
'PlayNow '		60260	' '
'PlayStation Network '		'80, 443, 5223 '	'3478-3479, 3658 '
'Point-to-Point Tunneling Protocol '		1723	' '
'Pokemon NetBattle '		30000	' '
'Polycom ViaVideo H.323 '		'1720, 5060 '	'3230-3237, 5060 '
'Pools of Radiance Ruins of Myth Drannor '		'2300-2400, 47624 '	'2300-2400 '
'POP3 '		110	110
'Populous 3 '		' '	7575
'Portmap '		111	111
'PPLive '		8008	4004
'Praetorians '		'2300-2400, 47624 '	'2300-2400, 47624 '
'Prey '		27719	27719
'Pro Evolution Soccer 2011 '		'80, 44, 4000-4200, 6112 '	'5730-5739, 6112 '
'Proliphix '		'80, 8081 '	' '
'Pruna '		4662	4672
'PS3'		5223	'5223, 3478, 3479, 3658 '
'PS3 Call of Duty - Black Ops '		'80-81, 443, 5223, 3074 '	'2005, 3074, 3075, 3478 '
'PS3 Call of Duty - Modern Warfare 2 '		'5223, 3074 '	'2005, 3074, 3075, 3478 '
'PS3 FIFA 10 '		'5223, 6000 '	'5223, 3478, 3479, 3658 '
'PS3 NHL 10 '		'80, 443, 990-9989, 30350-30400, 42100 '	'3478-3479, 3658-3659, 6000, 9820-9880 '
'PS3 NHL 11 '		'80, 443, 990-9989, 30350-30400, 42100 '	'3478-3479, 3658-3659, 6000, 9820-9880 '
'PS3 Pro Evolution Soccer 2011 '		'5000-5200, 6112 '	'3658, 5730-5739, 6112 '
'PS3 Red Dead Redemption '		'5223, 3074 '	'2005, 3074, 3075, 3478 '
'PS3 Remote Play '		9293	' '
'QNAP TS-419P '		'21, 22, 25, 80, 443, 445, 873, 3306, 6000, 6881-6999, 8080, 9000, 13131, 55536-56559 '	' '
'Qnext '		'5235-5236 '	5237
'QSee PCI and PCI-E DVR Cards '		'80, 1159, 1160 '	' '
'QSee QC DVRs '		'80, 37777 '	37778
'QSee QC40198 '		'80, 37777 '	37778
'QSee QC40198-814-5 '		'80, 37777 '	37778
'QSee QC444-426-2 '		'80, 37777 '	' '
'QSee QR DVRs '		'80, 9000 '	' '
'QSee QR208-811-3 '		'80, 9000 '	' '
'QSee QR40198 '		'80, 9000 '	' '
'QSee QR404 '		'80, 9000 '	' '
'QSee QR404-403-3 '		'80, 9000 '	' '
'QSee QR404-403-4 '		'80, 9000 '	' '
'QSee QR404-411-3 '		'80, 9000 '	' '
'QSee QR404-413-3 '		'80, 9000 '	' '
'QSee QR404403 '		'80, 9000 '	' '
'QSee QR4074 '		'80, 9000 '	' '
'QSee QR4074-411-3 '		'80, 9000 '	' '
'QSee QR4074-418-3 '		'80, 9000 '	' '
'QSee QR414-405 '		'80, 9000 '	' '
'QSee QR414-405-3 '		'80, 9000 '	' '
'QSee QR414-411-3 '		'80, 9000 '	' '
'QSee QR4174-411-3 '		'80, 9000 '	' '
'QSee QR4174-418-3 '		'80, 9000 '	' '
'QSee QR424-403-3 '		'80, 9000 '	' '
'QSee QR424-411-3 '		'80, 9000 '	' '
'QSee QR4274-418-3 '		'80, 9000 '	' '
'QSee QS DVRs '		'80, 9000 '	' '
'QSee QSC26404 '		'80, 8000 '	' '
'QSee QSC26416 '		'80, 8000 '	' '
'QSee QSD2216 '		'80, 5000-5001 '	' '
'QSee QSD2216C16-250 '		'80, 5000-5001 '	' '
'Qsee QSD2304C4-250 '		'80, 2000 '	' '
'Qsee QSD2304C4-320 '		'80, 2000 '	' '
'QSee QSD2304L '		'80, 2000 '	' '
'Qsee QSD2308C8-320 '		'80, 2000 '	' '
'Qsee QSD2308C8-500 '		'80, 2000 '	' '
'QSee QSD2308L '		'80, 2000 '	' '
'Qsee QSD2316C16-320 '		'80, 2000 '	' '
'Qsee QSD2316C16-500 '		'80, 2000 '	' '
'Qsee QSD2316C8-320 '		'80, 2000 '	' '
'Qsee QSD2316C8-500 '		'80, 2000 '	' '
'QSee QSD2316L '		'80, 2000 '	' '
'QSee QSD42208 '		'80, 8000 '	' '
'QSee QSD42908 '		'80, 8000 '	' '
'QSee QSD6204 '		80	' '
'QSee QSD6209 '		80	' '
'QSee QSD9004 '		'80, 9000 '	' '
'QSee QSD9004CM-250 '		'80, 9000 '	' '
'QSee QSD9004V '		'80, 9000 '	' '
'QSee QSD9004VW2-320 '		'80, 9000 '	' '
'QSee QSDF8204 '		'80, 2000 '	' '
'QSee QSDR and 9004 DVRs '		'80, 9000 '	' '
'QSee QSDR008RTC '		'80, 9000 '	' '
'QSee QSDR008RTC-500 '		'80, 9000 '	' '
'QSee QSDR04RTC '		'80, 9000 '	' '
'QSee QSDR04RTC-320 '		'80, 9000 '	' '
'QSee QSDR1616GRB-500 '		'80, 9000 '	' '
'QSee QSDR1616GRC-500 '		'80, 9000 '	' '
'QSee QSDR168GRB-500 '		'80, 9000 '	' '
'QSee QSDR168GRTC-500 '		'80, 9000 '	' '
'QSee QSDR16RTC '		'80, 9000 '	' '
'QSee QSDR16RTC-500 '		'80, 9000 '	' '
'QSee QSDR16RTCB '		'80, 9000 '	' '
'QSee QSDR1744LRC-500 '		'80, 9000 '	' '
'QSee QSDR174RTC '		'80, 9000 '	' '
'QSee QSDR4420RC-320 '		'80, 9000 '	' '
'QSee QSDR44DRTC '		'80, 9000 '	' '
'QSee QSDR44DRTM-320 '		'80, 9000 '	' '
'QSee QSDR44KRTC-320 '		'80, 9000 '	' '
'QSee QSDR4V4MRTC '		'80, 9000 '	' '
'QSee QSDR744KRTS-320 '		'80, 9000 '	' '
'QSee QSDR74RTB '		'80, 9000 '	' '
'QSee QSDR74RTC '		'80, 9000 '	' '
'Qsee QSDR74RTS '		'80, 9000 '	' '
'QSee QSDR8V8DRTC-320 '		'80, 9000 '	' '
'QSee QSDT DVRs '		'80, 2000 '	' '
'QSee QSDT4PCRC '		'80, 1159, 1160 '	' '
'Qsee QSDT88GRTC-320 '		'80, 2000 '	' '
'Qsee QSDT8DP '		'80, 2000 '	' '
'QSee QSDT8PCRC '		'80, 1159, 1160 '	' '
'QSee QSPDVR04 '		'80, 1159-1161 '	'80, 1159-1161 '
'QSee QSPDVR16 '		'80, 1159-1161 '	'80, 1159-1161 '
'QSee QSTD DVRs '		'80, 2000 '	' '
'QSee QSTD2408 '		'80, 2000 '	' '
'Qsee QSTD2408C8-320 '		'80, 2000 '	' '
'QSee QSTD2416 '		'80, 2000 '	' '
'Qsee QSTD2416C16-320 '		'80, 2000 '	' '
'Qsee QSTD2416C8-320 '		'80, 2000 '	' '
'Qsee QSTD501616C-500 '		'80, 2000 '	' '
'Qsee QSTD5088C-500 '		'80, 2000 '	' '
'QSee QSTD5304 '		'80, 2000 '	' '
'QSee QSU2DVR04 '		'80, 1159-1161 '	'80, 1159-1161 '
'QSee QT4 QT52X DVRs '		'80, 6036 '	' '
'QSee QT426-811 '		'80, 6036 '	' '
'QSee QT426-811-5 '		'80, 6036 '	' '
'QSee QT428-803 '		'80, 6036 '	' '
'QSee USB DVR Card '		'80, 1159-1161 '	'80, 1159-1161 '
'Quadrox GuardDVR '		'80, 1518 '	'4096-4224 '
'Quadrox GuardNVR '		'80, 1518 '	'4096-4224 '
'Quadrox WebCCTV DVR '		'80, 1518 '	'4096-4224 '
'Quadrox WebCCTV NDVR '		'80, 1518 '	'4096-4224 '
'Quadrox WebCCTV NVR '		'80, 1518 '	'4096-4224 '
'Quake 2 '		' '	27910
'Quake 3 '		'27950, 27952, 27960, 27965 '	'27950, 27952, 27960, 27965 '
'Quake 4 '		27650	27650
'QuickTime 4 server '		6970	'6970-7000 '
'R.U.S.E. '		'25150-25199, 27014-27050 '	'3478, 4379-4380, 25150-25199, 27000-27030 '
'radmin - Remote Administrator '		4899	4899
'Rag Doll Kung Fu Server '		27015	27015
'Ragnarok Online Server '		'5121, 6121, 6900 '	'5121, 6121, 6900 '
'Railroad Tycoon III '		'6073, 6500, 9000 '	' '
'Rainbow Six '		2346	2346
'Rainbow Six 3 Raven Shield '		' '	'7777-7787, 8777-8787 '
'Rainbow Six 3 Raven Shield with Ubi.com '		' '	'80, 6667, 7777-7787, 8777-8787, 40000-42000 '
'Rainbow Six Lockdown '		'2346-2348 '	'2346-2348 '
'Rainbow Six Lockdown with Ubi.com '		'80, 2346-2348, 6668, 40000-42999 '	'2346-2348, 44000, 45000 '
'Rainbow Six Vegas '		'80, 3074 '	'3074-3174 '
'Rakion '		' '	'2300-2399 '
'Re-Volt '		47624	'2300-2400 '
'RealAudio '		' '	'6970-7170 '
'Realflight G3 '		' '	2300
'Realflight G4 '		' '	'61234-61250, 61300-61316 '
'Realflight G5 '		' '	'61234-61250, 61300-61316 '
'RealVNC '		5900	5900
'Remote Administrator '		4899	' '
'Remote Anything '		'3999-4000 '	'3996-3998 '
'Remote Desktop '		3389	3389
'Remote Support System '		5500	' '
'Remotely Anywhere '		2000	2000
'Remotely Possible Server '		799	' '
'Return to Castle Wolfenstein '		28960	27960
'Revo DVRNS '		'8016, 8116, 8200, 10019, 12088 '	'8016, 8116, 8200, 10019, 12088 '
'rFactor '		34447	'34297, 34397 '
'Richard Garriots Tabula Rasa '		'8001, 8101-8104 '	' '
'Rise of Flight '		'80, 443 '	'28000-28001 '
'Rise of Legends '		80	6112
'Rise of Nations '		34987	34987
'Risk II '		19786	19786
'Rival Ball Tournament '		' '	'24200-24216 '
'Robot Rage '		' '	1626
'Roger Wilco '		3782	'3782, 3783 '
'Rogue Spear '		2346	2346
'Rome Total War '		'3783, 6500, 6667, 28900, 29900-29901 '	'6515, 13139, 27750, 27900 '
'ROSE Online '		'80, 29000, 29100, 29200 '	' '
'RTSP '		554	554
'Rumble Fighter '		'7000-8500 '	'7000-8500 '
'Rune '		7777	7777
'Runescape Private Server '		43594	43594
'RUSE '		'25150-25199, 27014-27050 '	'3478, 4379-4380, 25150-25199, 27000-27030 '
'Rush for Berlin '		' '	'5555, 6500 '
'S.T.A.L.K.E.R. - Shadow of Chernobyl '		'3783, 6515, 6667, 13139, 27900, 28900, 29900, 29901 '	' '
'S4 Leage '		'6445, 25289, 28002, 28008, 28012-28013, 29771 '	' '
'SA-MP Server '		7777	7777
'Sacrifice '		'2302-2400, 6073 '	'2302-2400, 6073 '
'SAM2 Broadcaster '		'1221, 3306, 3690 '	'1221, 3306, 3690 '
'ScreenConnect '		'8040-8041 '	' '
'Secure Planet VPN '		9555	' '
'Senomix Timesheets '		' '	'8052-8059 '
'Serious Sam The Second Encounter '		'25600-25616 '	'25600-25616 '
'Serv-U '		'21, 50000-50004 '	'50000-50004 '
'Settlers 3 '		47624	'3343-3350, 2300-2400 '
'Settlers 4 '		'3000, 3105 '	'3000, 3105 '
'Shiva VPN '		2233	2233
'ShoutCast '		'8000-8001 '	'8000-8001 '
'SideSaddle '		'27224-27226 '	' '
'SightSpeed '		' '	9000
'Silent Hunter III '		'17997-18003 '	'17997-18003 '
'Silent Hunter IV - Wolves of the Pacific '		'3074, 19000 '	'3074-3174, 19001, 19002 '
'Silverfall '		'9103, 28999, 30400 '	'9103, 28999, 30400 '
'SimpleCam v2.0 '		8888	8888
'Sin '		22450	22450
'Sipru '		'5060, 6060 '	'5060, 6060 '
'SlingBox '		5001	5001
'SMTP '		25	25
'Socom '		'53, 80, 443, 10070-10080 '	'6000-6999, 10070 '
'Socom 2 '		'53, 80, 443, 10070-10080 '	'6000-6999, 10070 '
'Socom 3 '		'80, 10070-10080 '	'6000-7000, 10070, 50000 '
'Soldat '		'23073, 23083 '	23073
'Soldier of Fortune '		' '	'28910-28915 '
'Soldier of Fortune 2 '		' '	'20100-20112 '
'Soldier Of Fortune 2 Double Helix '		'20100-20112 '	'20100-20112 '
'Soldiers-Heroes of World War II '		' '	'2302, 6073 '
'Sonic Robo Blast 2 '		' '	5029
'Sony Playstation 3 '		'80, 10070-10080 '	'50000, 6000-7000, 10070-10080 '
'Sony SNCP5 '		80	' '
'Speak Freely '		' '	'2074-2076 '
'Speco Technologies TL DVRs '		80	' '
'Spellforce - The Order of Dawn '		'3783, 6667, 28900, 29900, 29901 '	'2302-2400, 2801, 3783, 6073, 6500, 6515, 13139, 27900 '
'Spellforce 2 '		'2802-2803, 30140 '	'2802-2803, 30140 '
'Splashtop Remote '		'6783-6785 '	' '
'Splinter Cell - Conviction '		'22350-22380 '	'9100, 9103, 10196 '
'Spliter Cell Chaos Theory '		'6668, 9102, 40000-43000 '	'7776, 8888-8891, 8878, 9011, 9102-9103, 9106-9107, 41006, 44000, 45000-45001 '
'Spliter Cell Chaos Theory w AllSeeingEye '		'6668, 9102, 27243-27245, 40000-43000 '	'7776, 8888-8891, 8878, 9011, 9102-9103, 9106-9107, 27243-27245, 41006, 44000, 45000-45001 '
'Spliter Cell Double Agent '		3074	'3074, 8888-8889 '
'Spliter Cell Pandora Tomorrow '		'40000-43000 '	'7776, 8888, 44000, 45000-45001 '
'SSH '		22	22
'SSX 3 '		13505	'3658, 6000-6001 '
'Stamps.com '		'80, 443 '	' '
'Star Trek - Armada 2 '		'3040, 6667 '	'2302, 3056, 3057, 6500, 13139, 16499, 29701 '
'Star Trek - Legacy '		'3659, 6500, 27900 '	'3659, 6500, 27900 '
'Star Trek Online '		'80, 443, 7003, 7202, 7255, 7499 '	' '
'Star Trek Starfleet Command III '		'2302-2303, 6073 '	' '
'Star Wars Galaxies '		'1023-7000, 7040, 7070 '	'1023-7000, 9700-9703, 44453, 44462-44463 '
'Star Wars Jedi Knight II Jedi Outcast '		' '	'28060, 28061, 28062, 28070-28081 '
'Starcraft '		6112	6112
'StarCraft II '		'1119, 1120 '	'1119, 1120 '
'StarCraft II Downloader '		'1119-1120, 3724, 4000, 6112-6114, 6881-6999 '	' '
'Starfleet Command '		'2300-2400, 47624 '	'2300-2400, 47624 '
'Starsiege Tribes Server '		' '	28001
'Starwars Battle Front '		'3658-3659, 6500 '	'3658-3659, 6500 '
'Starwars Battle Front Gamespy '		'3658-3659, 6500, 27900 '	'3658-3659, 6500, 27900 '
'Starwars Empire at War '		'1234, 3658-3660, 6500, 27900, 28910, 3783, 6515, 6667, 13139, 28900, 29900-29901, 29920 '	'1234, 3658-3660, 6500, 27900, 28910, 3783, 6515, 6667, 13139, 28900, 29900-29901, 29920 '
'Starwars Galactic Battlegrounds Clone Campaigns '		'2300-2400, 6073, 47624 '	'2300-2400, 6073 '
'Starwars Jedi Knight Jedi Academy '		' '	'28060-28062, 28070-28081 '
'Starwars Jedi Knight Jedi Outcast '		' '	'28060-28062, 28070-28081 '
'Steam Client '		'27014-27050 '	'3478-4380, 27000-27030 '
'Steam Server '		27015	' '
'Steel Beasts Pro PE '		'2300-2400 '	'2300-2400, 47624 '
'Strat-O-Matic Baseball '		6501	6501
'Strat-O-Matic Basketball '		6501	6501
'Strat-O-Matic Football '		6501	6501
'Strat-O-Matic Hockey '		6501	6501
'Street Fighter Online '		1626	1626
'Stronghold 2 '		16699	' '
'Stronghold Crusader '		'2300-2400, 47624 '	'2300-2400 '
'Subsonic '		'80, 4040 '	' '
'SuperSync '		5360	' '
'Supreme Commander '		' '	'6112, 9103, 30350-30351 '
'SureSync '		'9002-9033 '	' '
'Survival Project '		'9000-10000 '	'9000-10000 '
'SVAT CLEARVU1 '		50000	50000
'SVAT CLEARVU3 '		'80, 2000 '	'80, 2000 '
'SVAT CV0204DVR '		80	80
'SVAT Sentinel1 '		50000	50000
'SWAT 4-The Stetchkov Syndicate '		' '	'10480-10483 '
'SWAT3 '		16639	16638
'Synology DS209 '		'20-22, 80, 111, 137-139, 443, 445, 548, 873, 892, 2049, 3260, 4662, 4672, 5000-5001, 5432, 9997-9999, 55536-55663, 55736-55863, 6881-6999 '	'111, 139, 445, 892, 2049, 4662, 4672, 5432, 9997-9999, 6881-6999 '
'Synology DS210j '		'20-22, 80, 111, 137-139, 443, 445, 548, 873, 892, 2049, 3260, 4662, 4672, 5000-5001, 5432, 9997-9999, 55536-55663, 55736-55863, 6881-6999 '	'111, 139, 445, 892, 2049, 4662, 4672, 5432, 9997-9999, 6881-6999 '
'Synology DS409slim '		'20-22, 80, 111, 137-139, 443, 445, 548, 873, 892, 2049, 3260, 4662, 4672, 5000-5001, 5432, 9997-9999, 55536-55663, 55736-55863, 6881-6999 '	'111, 139, 445, 892, 2049, 4662, 4672, 5432, 9997-9999, 6881-6999 '
'Synology DS410j '		'20-22, 80, 111, 137-139, 443, 445, 548, 873, 892, 2049, 3260, 4662, 4672, 5000-5001, 5432, 9997-9999, 55536-55663, 55736-55863, 6881-6999 '	'111, 139, 445, 892, 2049, 4662, 4672, 5432, 9997-9999, 6881-6999 '
'Synology DS710+ '		'20-22, 80, 111, 137-139, 443, 445, 548, 873, 892, 2049, 3260, 4662, 4672, 5000-5001, 5432, 9997-9999, 55536-55663, 55736-55863, 6881-6999 '	'111, 139, 445, 892, 2049, 4662, 4672, 5432, 9997-9999, 6881-6999 '
'T.120 Data sharing '		1503	' '
'Tales of Pirates '		'21, 1983 '	' '
'TalkSwitch '		'80, 9393 '	'69, 5060, 6000-6006, 6010-6016, 6020-6026, 6030-6036 '
'Talon DVR '		'80, 3000-3007, 8800 '	'80, 3000-3007, 8800 '
'Tamago '		9000	9000
'Tams11 Gaming Lobby '		7772	' '
'TeamSpeak '		'10011, 30033 '	9987
'Teamviewer '		5900	' '
'TED - The Energy Detective '		80	' '
'TELNET '		23	23
'Tencent QQ '		' '	'8000, 8001 '
'Terminal Services '		3389	' '
'Tesco Internet Phone '		' '	4569
'Test Drive Unlimited '		'6667, 9961, 17475, 27000-30000 '	'8880-8890, 9961, 17475, 27000-30000 '
'The Better Mod-TBM '		'28000-28030 '	'28000-28030 '
'The Guild 2 '		' '	'2801, 2816, 30180, 15666 '
'The Lord of the Rings-War of the Ring '		'6500, 7175, 13139 '	'6500, 7175, 13139 '
'The Lord of the Rings-War of the Ring Gamespy '		'3783, 6500, 6667, 28900, 29900-29901 '	'6515, 13139, 27900 '
'The Matrix Online '		'80, 5190, 10000, 11000 '	10000
'The Orange Block '		'28000-28030 '	'28000-28030 '
'The Political Machine '		2509	' '
'The Settlers II 10th Aniversary Edition '		'5479, 6582, 8777 '	' '
'The Settlers V Heritage of Kings '		'6668, 7073, 40000-42999 '	'7073, 41006, 44000, 45000-45001 '
'Throne of Darkness '		'15101-15200, 15802, 20871 '	' '
'Tiberian Sun '		'1140-1234, 4000 '	'1140-1234, 4000 '
'Tibia '		7171	7171
'Tiger Woods 2004 '		'80, 443, 13505, 20803, 20809, 32768-65535 '	'80, 443, 13505, 20803, 20809, 32768-65535 '
'Tiger Woods 2005 '		'80, 443, 13505, 20803, 20809, 32768-65535 '	'80, 443, 13505, 20803, 20809, 32768-65535 '
'Tiger Woods 2006 '		'13505, 20803-20809, 32768-65535 '	' '
'Tiger Woods PGA Tour 07 '		'80, 443, 13500-13599, 32700-32799 '	'32768-65535, 9570 '
'Tiger Woods PGA Tour 08 '		'80, 443, 13500, 35400-35499, 32768-65535 '	9570
'Tight VNC '		'5800, 5500, 5900 '	' '
'Timbuktu Pro Mac '		407	' '
'Timbuktu Pro Windows '		'407, 1417-1420 '	' '
'Timespliters Future Perfect '		'13505, 18070-18075 '	'3000, 18075 '
'Titan Quest '		' '	'42800, 49152-49172, 49272-49292 '
'TOCA RACE DRIVER 2 '		10975	'1673, 10975 '
'ToCA Race Driver 3 '		' '	'3658, 26900, 27900 '
'Tom Clancys H.A.W.X. '		' '	'1001, 3074-3174, 7788 '
'Tony Hawks Pro Skater 3 '		'5150-5151, 6500 '	'5150-5151, 6500 '
'Tony Hawks Pro Skater 4 '		5150	5150
'Tony Hawks Underground 2 '		'5150-5151 '	' '
'Total Annihilation '		'2300-2400, 47624 '	'2300-2400 '
'Track Mania '		2350	2350
'Transmission '		51413	' '
'TRENDnet TV-IP110W '		80	' '
'TRENDnet TV-IP512WN '		80	' '
'Tribes '		'27999, 28000, 28008, 28020 '	' '
'Tribes - Vengeance '		'7777-7778, 28910 '	'7777-7778, 28910 '
'Tribes 2 '		' '	'27999, 28000, 28001-29000 '
'Tribes Aerial Assault '		'28000-28008 '	' '
'Trispen@TheOffice '		9555	' '
'True Crime Streets of L.A. '		'6667, 28910 '	' '
'Tunngle '		' '	'11155-11155 '
'Turkojan '		'5742-5745, 15963 '	'5742-5745, 15963 '
'TVersity Media Server '		41952	' '
'Twisted Metal Black Online '		'53, 80, 443, 10070, 10080 '	'6000-6999 '
'Two Worlds '		' '	17771
'Two Worlds Hosting '		' '	'17171, 17771 '
'UEFA EURO 2004 '		' '	3658
'Ultima Online '		'5001-5010, 7775-7777, 7875, 8800-8900, 9999 '	' '
'Ultimate Baseball Online Client '		' '	'20000-22200 '
'Universal Devices ISY-99i '		'80, 443 '	' '
'Unreal Media Server '		5119	' '
'Unreal Tournament '		'7777, 8080, 8777, 9777, 27900 '	'7777, 7778, 7779, 27900 '
'Unreal Tournament 2004 '		'7777-7788, 27900, 42292 '	'7777-7788, 27900, 42292 '
'Unreal Tournament 3 '		' '	'6500, 7777, 7778, 7787, 13000, 27900 '
'Ventrilo '		3784	'3784, 6100 '
'Ventrilo Server '		3784	3784
'Verizon VoiceWing '		' '	'69, 5060, 16384-16392 '
'Viatalk '		' '	'69, 5060-5061, 10000-20000 '
'Video Insight Health Monitor '		11000	' '
'Video Insight IP Server '		'80, 4010, 4011, 1433 '	' '
'Video Insight Server '		'80, 1433, 4000, 11111 '	' '
'Video Patrol '		8010	' '
'VideoReQuest '		'22, 2992, 3670 '	'22, 2992, 3670 '
'VidPhone '		'3000-3005 '	'3000-3005 '
'Virtual Skipper 3 + 4 '		2350	2350
'Vitual Network Computing '		'5500, 5800, 5900 '	' '
'VNC '		'5500, 5800, 5900 '	' '
'Vodafone Sure Signal '		50	'123, 500, 4500 '
'Voip.com '		' '	'5060-5061, 10000-20000 '
'Vonage '		' '	'5061, 10000-20000 '
'VPhone '		11675	11675
'vsftp '		'20, 21 '	' '
'WanCatan '		20931	20931
'Warcraft II '		'6112-6119 '	'6112-6119 '
'Warcraft III '		'6112-6119 '	'6112-6119 '
'Warhammer - Mark of Chaos '		' '	8872
'Warhammer 40000 - Dawn of War - Dark Crusade '		'6667, 28910, 29900, 29901, 29920 '	'6500, 27900, 27901, 29910 '
'Warhammer 40000 - Dawn of War GotY '		'6667, 28910, 29901, 29920 '	'6112, 6500, 27901, 29910 '
'Warhammer Online - Age of Reckoning '		'1380, 8048 '	' '
'Warlords Battlecry '		'2300-2400, 47624 '	'2300-2400 '
'Warlords Battlecry II '		'2300-2400, 47624 '	'2300-2400 '
'Warp Pipe '		4000	4000
'Warrior King '		2301	2301
'Warrock '		5340	5350
'Warsow '		' '	'27950, 44400 '
'Warzone 2100 '		2100	' '
'Warzone 2100 GameSpy '		'2300-2400 '	'2300-2400 '
'Webcam32 '		8888	8888
'WebcamXP '		'8080, 8090 '	' '
'Well of Souls with MIX '		'8000-8001, 8888 '	'8000-8001, 8888 '
'Wengo '		' '	'5060, 10600-10601 '
'Westwood Online '		'1140, 1234, 4000 '	'1140, 1234 '
'Wii Call of Duty - Black Ops '		'443, 3074 '	'3074-3075 '
'Wii GoldenEye 007 '		' '	3074
'Will Rock '		' '	7780
'Winamp Audio Streaming '		'8000-8001 '	' '
'Windows 2000 Terminal Server '		3389	3389
'Windows Home Server '		'80, 443, 4125 '	' '
'Windows Media Server '		3690	' '
'WinGate VPN '		809	809
'WIRES-II '		'4000-5000 '	'4000-5000 '
'Wolfenstein Enemy Territory '		'27950, 27952, 27960, 27965 '	'27950, 27952, 27960, 27965 '
'World of Warcraft '		'1119, 3724, 4000, 6112-6114 '	3724
'World of Warcraft Downloader '		'1119-1120, 3724, 4000, 6112-6114, 6881-6999 '	' '
'Worms 3D '		'5911, 5912 '	'5911, 5912 '
'Worms 4 - Mayhem '		'80, 5911, 6667, 28900, 29900, 29901 '	'5911, 6500, 13139, 27900 '
'Worms Armageddon '		17011	' '
'WWW File Share Pro '		80	' '
'X-Lite '		'5060, 8000-8005 '	' '
'X-Men Legends 2 Rise of Apoclypse '		' '	'5165, 27900-27901 '
'X10 Multiview '		'8080, 8888 '	' '
'Xanboo Homesight Service '		2047	' '
'XBConnect '		8602	8602
'XBox 360 Media Center '		'53, 80, 3074 '	'53, 88, 3074 '
'Xbox Live 360 '		'53, 80, 1863, 3074 '	'53, 88, 1863, 3074 '
'Xbox 360'		3074	3074
'Xfire Chat '		' '	25777
'Xfire Directplay 7 '		'2300-2400, 47624 '	'2300-2400, 47624 '
'Xfire Directplay 8 '		'2302-2400, 6073 '	'2302-2400, 6073 '
'Xlink Kai '		' '	30000
'Xwis '		'3840, 4005, 4808, 4810, 4995, 7000-7002 '	'1234-1237, 4000, 5009, 5400 '
'Y-cam Wireless IP Camera '		'8150-8350 '	'8150-8350 '
'Yahoo Fantasy Football '		'843, 1843, 11999 '	'843, 1843, 11999 '
'Yahoo Fantasy Sports '		'843, 1843, 11999 '	'843, 1843, 11999 '
'Yahoo File Transfer '		80	' '
'Yahoo Messenger Chat '		'5000-5001, 5050 '	' '
'Yahoo Messenger File Transfer '		80	' '
'Yahoo Messenger P2P Instant Messages '		5101	' '
'Yahoo Messenger Phone '		' '	5055
'Yahoo Messenger Super Webcam '		5100	' '
'Yahoo Messenger Voice Chat '		'5000-5001 '	'5000-5010 '
'Yahoo P2P Instant Messages '		5101	' '
'Yahoo Super Webcam '		5100	' '
'Yahoo Voice Chat '		' '	'5000-5010 '
'Yugioh Virtual Desktop '		'7237-7239 '	'7237-7239 '
'zbattle.net '		4000	7845
'ZNES '		' '	7845
